query_id,bleu_GPT-5_instant,bleu_ClaudeSonnet-4.5,bleu_Llama-3.1_8B,bleu_Mistral_7B
0,0.393266697,0.510299269,0.439709179,0.331680607
1,0.373417468,0.394463117,0.322329092,0.361397177
2,0.729190605,0.743179797,0.751538953,0.762339329
3,0.573665565,0.641476939,0.57852242,0.596975892
4,0.662220464,0.662220464,0.671020966,0.659541044
5,0.566472154,0.624200712,0.481845392,0.522137458
6,0.541825274,0.632693963,0.422044121,0.483211865
7,0.231656745,0.32910423,0.148099152,0.210314735
8,0.654259941,0.570300774,0.594936075,0.692596664
